-- phpMyAdmin SQL Dump
-- version 3.5.2.2
-- http://www.phpmyadmin.net
--
-- 主机: 127.0.0.1
-- 生成日期: 2017 年 03 月 24 日 02:40
-- 服务器版本: 5.5.27
-- PHP 版本: 5.4.7

SET SQL_MODE="NO_AUTO_VALUE_ON_ZERO";
SET time_zone = "+00:00";


/*!40101 SET @OLD_CHARACTER_SET_CLIENT=@@CHARACTER_SET_CLIENT */;
/*!40101 SET @OLD_CHARACTER_SET_RESULTS=@@CHARACTER_SET_RESULTS */;
/*!40101 SET @OLD_COLLATION_CONNECTION=@@COLLATION_CONNECTION */;
/*!40101 SET NAMES utf8 */;

--
-- 数据库: `crm`
--

-- --------------------------------------------------------

--
-- 表的结构 `computer_room`
--

CREATE TABLE IF NOT EXISTS `computer_room` (
  `id` int(11) NOT NULL AUTO_INCREMENT,
  `school_year` int(11) DEFAULT NULL,
  `semester` int(11) DEFAULT NULL,
  `department` varchar(255) DEFAULT NULL,
  `room_num` varchar(255) DEFAULT NULL,
  `room_name` varchar(255) DEFAULT NULL,
  `pc_num` int(11) DEFAULT NULL,
  `sever_num` int(11) DEFAULT NULL,
  PRIMARY KEY (`id`)
) ENGINE=InnoDB  DEFAULT CHARSET=utf8 AUTO_INCREMENT=92 ;

--
-- 转存表中的数据 `computer_room`
--

INSERT INTO `computer_room` (`id`, `school_year`, `semester`, `department`, `room_num`, `room_name`, `pc_num`, `sever_num`) VALUES
(1, 105, 1, '資訊傳播系', 'I3501', '數位媒體傳播實驗室', 31, 1),
(2, 105, 1, '資訊傳播系', 'I3502', '多媒體設計實驗室', 31, 1),
(3, 105, 1, '資訊傳播系', 'I4502', '互動式數位學習系統', 61, 1),
(4, 105, 1, '資訊傳播系', 'I5504', '專業證照輔導實習室', 54, 1),
(5, 105, 1, '機械工程系', 'E1502', '機電與儀控整合實驗室', 60, 0),
(6, 105, 1, '機械工程系', 'E3405', '電腦輔助設計室', 50, 0),
(7, 105, 1, '資訊管理系', 'I4202', '電腦教室(一)', 60, 0),
(8, 105, 1, '資訊管理系', 'I5202', '電腦教室(二)', 60, 0),
(9, 105, 1, '資訊管理系', 'I3202', '電子商務實務實驗室', 40, 1),
(10, 105, 1, '資訊管理系', 'I2205', '專題實驗室', 10, 0),
(14, 105, 1, '電腦與通訊系', 'I2603', '電子電路實習室', 31, 0),
(15, 105, 1, '電腦與通訊系', 'I3401', '電腦實習室', 60, 0),
(16, 105, 1, '電腦與通訊系', 'I4402', '網路模擬實習室', 60, 0),
(17, 105, 1, '電腦與通訊系', 'I5402', '通訊模擬實習室', 31, 0),
(18, 105, 1, '電腦與通訊系', 'I3402', '多媒體通訊實習室', 30, 1),
(19, 105, 1, '電機工程系', 'E1608', '電腦教室', 60, 0),
(20, 105, 1, '電機工程系', 'E1602', '自動控制實習室', 26, 0),
(21, 105, 1, '電機工程系', 'E1604', '基礎電學實習室', 26, 0),
(22, 105, 1, '電機工程系', 'E1605', '電動機控制實習室', 12, 0),
(23, 105, 1, '電機工程系', 'E1606', '電力電子實習室', 26, 0),
(24, 105, 1, '電機工程系', 'E1607', '可程式控制實習室', 28, 0),
(25, 105, 1, '電機工程系', 'E1609', '電機機械實習室', 32, 0),
(26, 105, 1, '電機工程系', 'E1611', '影像與伺服器控制實習室', 25, 0),
(27, 105, 1, '財務金融系', 'B3603', '電腦教室(二)', 60, 0),
(28, 105, 1, '企業管理系', 'B3602', '', 50, 0),
(29, 105, 1, '企業管理系', 'B3502', '企業經營體驗室', 28, 0),
(30, 105, 1, '企業管理系', '電算中心', '多媒體系統', 0, 0),
(36, 105, 2, '公共關係暨廣告系', 'D3409', '', 60, 0),
(37, 105, 2, '資訊管理系', '電腦教室(一)', 'I4202', 60, 0),
(38, 105, 2, '資訊管理系', '電腦教室(二)', 'I5202', 60, 0),
(39, 105, 2, '資訊管理系', '電子商務實務實驗室', 'I3202', 40, 1),
(40, 105, 2, '資訊管理系', '專題實驗室', 'I2205', 10, 0),
(42, 105, 2, '資訊管理系', 'ERP系統專案教室', 'I2211', 47, 1),
(43, 105, 2, '視覺傳播與設計系', 'C1405', 'PC電腦教室', 59, 0),
(44, 105, 2, '視覺傳播與設計系', 'C1411', 'MAC電腦教室', 67, 0),
(45, 105, 2, '視覺傳播與設計系', 'C1504', 'PC電腦教室', 60, 0),
(46, 105, 2, '電腦與通訊系', 'I2603', '電子電路實習室', 31, 0),
(47, 105, 2, '電腦與通訊系', 'I3401', '電腦實習室', 60, 0),
(48, 105, 2, '電腦與通訊系', 'I3402', '多媒體通訊實習室', 48, 1),
(49, 105, 2, '電腦與通訊系', 'I4402', '網路模擬實習室', 61, 0),
(50, 105, 2, '電腦與通訊系', 'I5402', '通訊模擬實習室', 31, 0),
(51, 105, 2, '電腦與通訊系', 'I1402', '電腦視覺與機器人實驗室', 16, 0),
(52, 105, 2, '視訊傳播設計系', 'C1211', 'PC電腦教室', 67, 0),
(53, 105, 2, '視訊傳播設計系', 'L0808', 'PC電腦教室', 53, 0),
(54, 105, 2, '視訊傳播設計系', 'C1204', 'MAC電腦教室', 44, 0),
(55, 105, 2, '空間設計系', '', '電腦教室(一)', 70, 1),
(56, 105, 2, '空間設計系', '', '電腦教室(二)', 60, 1),
(57, 105, 2, '空間設計系', '', '電腦教室(一)', 70, 1),
(58, 105, 2, '空間設計系', '', '電腦教室(二)', 60, 1),
(59, 105, 2, '國際貿易系', 'B3604', '電腦教室三', 57, 1),
(60, 105, 2, '國際貿易系', 'B3604', '電腦教室三', 57, 1),
(61, 105, 2, '資訊工程系', 'I2605', '嵌入式智慧終端實驗室', 31, 0),
(62, 105, 2, '資訊工程系', 'I2604', '雲端網路電腦教室', 61, 0),
(63, 105, 2, '資訊工程系', 'I5302', '智慧行動實驗室', 31, 0),
(64, 105, 2, '資訊工程系', 'I5301', '專題製作實驗室', 31, 0),
(65, 105, 2, '資訊工程系', 'I3302', '數位系統實驗室', 31, 1),
(66, 105, 2, '資訊工程系', 'I3301', '多媒體網路實驗室', 31, 0),
(67, 105, 2, '資訊傳播系', 'I3501', '數位媒體傳播實驗室', 31, 1),
(68, 105, 2, '資訊傳播系', 'I3502', '多媒體設計實驗室', 31, 1),
(70, 105, 2, '資訊傳播系', 'I4502', '互動式數位學習系統', 61, 1),
(71, 105, 2, '資訊傳播系', 'I5504', '專業證照輔導實驗室', 54, 1),
(72, 105, 2, '會計資訊系', 'B2603', '商管學院電腦教室(四)', 60, 0),
(73, 105, 2, '企業管理系', 'B3602', 'B3602教室', 50, 0),
(74, 105, 2, '企業管理系', 'B3502', '企業經營體驗室', 28, 0),
(75, 105, 2, '光電工程系', 'E3511', '可編程數位晶片實驗室', 41, 1),
(76, 105, 2, '電機工程系', 'E1608', '電腦教室', 60, 0),
(77, 105, 2, '電機工程系', 'E1602', '自動控制實習室', 26, 0),
(78, 105, 2, '電機工程系', 'E1604', '基礎電學實習室', 26, 0),
(79, 105, 2, '電機工程系', 'E1606', '電力電子實習室', 26, 0),
(80, 105, 2, '電機工程系', 'E1607', '可程式控制實習室', 28, 0),
(81, 105, 2, '電機工程系', 'E1609', '電機機械實驗室', 22, 0),
(82, 105, 2, '電機工程系', 'E1611', '影像與伺服控制實習室', 25, 0),
(83, 105, 2, '電機工程系', 'E1402', '單晶片實習室', 26, 0),
(84, 105, 2, '電機工程系', 'E1403', '自動化電控實習室', 17, 0),
(85, 105, 2, '電機工程系', 'E1404', '機電整合證照實習室', 25, 0),
(86, 105, 2, '財務金融系', 'B3603', '電腦教室(二)', 0, 0),
(87, 105, 2, '電子工程系', 'E2600', '高頻電路設計與佈局實驗室', 30, 2),
(88, 105, 2, '電子工程系', 'E3301', '嵌入系統與介面控制實驗室', 31, 0),
(89, 105, 2, '電子工程系', 'E3303', '', 0, 0),
(90, 105, 2, '電子工程系', 'E3303', '乙級技術士證照訓練室', 30, 1),
(91, 105, 2, '電子工程系', 'E3303', '乙級技術士證照訓練室', 30, 1);

-- --------------------------------------------------------

--
-- 表的结构 `computer_room_os`
--

CREATE TABLE IF NOT EXISTS `computer_room_os` (
  `id` int(11) NOT NULL AUTO_INCREMENT,
  `computer_room_id` int(11) DEFAULT NULL,
  `os_id` int(11) DEFAULT NULL,
  PRIMARY KEY (`id`)
) ENGINE=InnoDB  DEFAULT CHARSET=utf8 AUTO_INCREMENT=99 ;

--
-- 转存表中的数据 `computer_room_os`
--

INSERT INTO `computer_room_os` (`id`, `computer_room_id`, `os_id`) VALUES
(1, 1, 1),
(2, 1, 2),
(3, 2, 1),
(4, 2, 2),
(5, 3, 1),
(6, 3, 2),
(7, 4, 1),
(8, 4, 2),
(9, 5, 2),
(10, 6, 3),
(11, 7, 3),
(12, 8, 3),
(13, 9, 3),
(14, 10, 3),
(15, 11, 3),
(16, 14, 3),
(17, 15, 1),
(18, 15, 2),
(19, 16, 3),
(20, 17, 3),
(21, 18, 4),
(22, 18, 3),
(23, 19, 5),
(24, 20, 3),
(25, 21, 2),
(26, 22, 3),
(27, 23, 3),
(28, 24, 3),
(29, 25, 3),
(30, 26, 2),
(31, 27, 2),
(32, 28, 3),
(33, 29, 2),
(34, 31, 1),
(35, 32, 2),
(36, 33, 2),
(37, 34, 5),
(38, 35, 1),
(39, 36, 3),
(40, 37, 3),
(41, 38, 3),
(42, 39, 3),
(43, 40, 3),
(44, 42, 3),
(45, 43, 2),
(46, 44, 6),
(47, 45, 2),
(48, 46, 2),
(49, 47, 2),
(50, 48, 6),
(51, 49, 2),
(52, 50, 2),
(53, 51, 2),
(54, 52, 2),
(55, 53, 2),
(56, 54, 6),
(57, 55, 2),
(58, 56, 2),
(59, 57, 2),
(60, 58, 2),
(61, 59, 3),
(62, 60, 3),
(63, 61, 2),
(64, 61, 5),
(65, 62, 2),
(66, 62, 5),
(67, 63, 2),
(68, 63, 5),
(69, 64, 2),
(70, 65, 2),
(71, 66, 2),
(72, 67, 1),
(73, 67, 7),
(74, 68, 1),
(75, 68, 7),
(76, 70, 1),
(77, 70, 7),
(78, 71, 1),
(79, 71, 7),
(80, 72, 2),
(81, 73, 3),
(82, 74, 2),
(83, 75, 2),
(84, 75, 3),
(85, 76, 5),
(86, 77, 3),
(87, 78, 2),
(88, 79, 3),
(89, 80, 3),
(90, 81, 3),
(91, 82, 2),
(92, 83, 3),
(93, 84, 2),
(94, 85, 2),
(95, 85, 3),
(96, 87, 3),
(97, 88, 2),
(98, 91, 3);

-- --------------------------------------------------------

--
-- 表的结构 `computer_room_software`
--

CREATE TABLE IF NOT EXISTS `computer_room_software` (
  `id` int(11) NOT NULL AUTO_INCREMENT,
  `computer_room_id` int(11) DEFAULT NULL,
  `software_id` int(11) DEFAULT NULL,
  PRIMARY KEY (`id`)
) ENGINE=InnoDB  DEFAULT CHARSET=utf8 AUTO_INCREMENT=254 ;

--
-- 转存表中的数据 `computer_room_software`
--

INSERT INTO `computer_room_software` (`id`, `computer_room_id`, `software_id`) VALUES
(1, 1, 1),
(2, 1, 2),
(3, 1, 3),
(4, 1, 4),
(5, 1, 5),
(6, 2, 1),
(7, 2, 2),
(8, 2, 3),
(9, 2, 4),
(10, 2, 5),
(11, 3, 1),
(12, 3, 2),
(13, 3, 3),
(14, 3, 4),
(15, 3, 5),
(16, 4, 1),
(17, 4, 2),
(18, 4, 3),
(19, 4, 4),
(20, 4, 5),
(21, 7, 1),
(22, 7, 2),
(23, 7, 4),
(24, 7, 5),
(25, 8, 1),
(26, 8, 2),
(27, 8, 4),
(28, 9, 1),
(29, 10, 1),
(30, 11, 1),
(31, 11, 2),
(32, 14, 1),
(33, 14, 8),
(34, 14, 9),
(35, 15, 1),
(36, 15, 9),
(37, 15, 10),
(38, 16, 1),
(39, 16, 9),
(40, 17, 1),
(41, 17, 9),
(42, 18, 1),
(43, 18, 9),
(44, 18, 11),
(45, 18, 12),
(46, 19, 13),
(47, 20, 13),
(48, 20, 14),
(49, 22, 14),
(50, 23, 15),
(51, 24, 11),
(52, 24, 16),
(53, 26, 11),
(54, 26, 13),
(55, 26, 18),
(56, 27, 1),
(57, 27, 2),
(58, 27, 20),
(59, 27, 21),
(60, 27, 22),
(61, 28, 1),
(62, 28, 22),
(63, 29, 22),
(64, 29, 23),
(65, 29, 24),
(66, 29, 25),
(67, 29, 26),
(68, 31, 1),
(69, 31, 8),
(70, 32, 1),
(71, 33, 1),
(72, 34, 1),
(73, 35, 1),
(74, 36, 2),
(75, 37, 1),
(76, 37, 2),
(77, 37, 4),
(78, 37, 5),
(79, 37, 7),
(80, 37, 9),
(81, 37, 21),
(82, 38, 1),
(83, 38, 2),
(84, 38, 5),
(85, 38, 6),
(86, 38, 7),
(87, 38, 9),
(88, 38, 21),
(89, 39, 1),
(90, 39, 9),
(91, 40, 1),
(92, 40, 9),
(93, 41, 27),
(94, 42, 1),
(95, 42, 2),
(96, 42, 9),
(97, 42, 21),
(98, 42, 27),
(99, 43, 2),
(100, 44, 2),
(101, 45, 28),
(102, 46, 1),
(103, 46, 2),
(104, 46, 8),
(105, 46, 9),
(106, 46, 29),
(107, 46, 30),
(108, 47, 1),
(109, 47, 2),
(110, 47, 9),
(111, 47, 10),
(112, 47, 31),
(113, 47, 32),
(114, 48, 1),
(115, 48, 2),
(116, 48, 9),
(117, 48, 11),
(118, 48, 14),
(119, 48, 33),
(120, 49, 1),
(121, 49, 2),
(122, 49, 9),
(123, 49, 31),
(124, 50, 1),
(125, 50, 2),
(126, 50, 9),
(127, 50, 29),
(128, 50, 30),
(129, 50, 33),
(130, 51, 1),
(131, 51, 2),
(132, 51, 9),
(133, 51, 14),
(134, 51, 34),
(135, 52, 2),
(136, 52, 35),
(137, 53, 2),
(138, 53, 35),
(139, 54, 36),
(140, 55, 2),
(141, 55, 35),
(142, 56, 2),
(143, 56, 39),
(144, 56, 40),
(145, 56, 41),
(146, 56, 42),
(147, 56, 43),
(148, 56, 44),
(149, 56, 45),
(150, 56, 46),
(151, 56, 47),
(152, 56, 48),
(153, 56, 49),
(154, 56, 50),
(155, 56, 51),
(156, 56, 52),
(157, 57, 37),
(158, 57, 38),
(159, 58, 37),
(160, 58, 38),
(161, 59, 1),
(162, 59, 22),
(163, 60, 1),
(164, 61, 1),
(165, 61, 14),
(166, 61, 32),
(167, 61, 53),
(168, 61, 54),
(169, 61, 55),
(170, 62, 1),
(171, 62, 14),
(172, 62, 32),
(173, 62, 53),
(174, 62, 54),
(175, 62, 55),
(176, 63, 1),
(177, 63, 14),
(178, 63, 32),
(179, 63, 53),
(180, 63, 54),
(181, 63, 55),
(182, 64, 1),
(183, 64, 32),
(184, 64, 53),
(185, 64, 55),
(186, 65, 1),
(187, 65, 14),
(188, 65, 32),
(189, 65, 53),
(190, 65, 54),
(191, 65, 55),
(192, 66, 1),
(193, 66, 14),
(194, 66, 32),
(195, 66, 55),
(196, 67, 1),
(197, 67, 2),
(198, 67, 3),
(199, 67, 4),
(200, 67, 5),
(201, 68, 1),
(202, 68, 2),
(203, 68, 3),
(204, 68, 4),
(205, 68, 5),
(206, 70, 1),
(207, 70, 2),
(208, 70, 3),
(209, 70, 4),
(210, 70, 5),
(211, 71, 1),
(212, 71, 2),
(213, 71, 3),
(214, 71, 4),
(215, 71, 5),
(216, 72, 20),
(217, 72, 22),
(218, 72, 56),
(219, 72, 57),
(220, 72, 58),
(221, 72, 59),
(222, 73, 1),
(223, 73, 22),
(224, 74, 23),
(225, 74, 24),
(226, 74, 25),
(227, 74, 26),
(228, 75, 60),
(229, 76, 13),
(230, 77, 13),
(231, 77, 14),
(232, 79, 15),
(233, 80, 11),
(234, 80, 16),
(235, 82, 11),
(236, 82, 13),
(237, 82, 18),
(238, 86, 1),
(239, 86, 2),
(240, 86, 20),
(241, 86, 22),
(242, 86, 61),
(243, 86, 62),
(244, 86, 63),
(245, 86, 64),
(246, 86, 65),
(247, 86, 66),
(248, 86, 67),
(249, 87, 68),
(250, 87, 69),
(251, 88, 55),
(252, 91, 1),
(253, 91, 70);

-- --------------------------------------------------------

--
-- 表的结构 `lecture`
--

CREATE TABLE IF NOT EXISTS `lecture` (
  `id` int(11) NOT NULL AUTO_INCREMENT,
  `computer_room_id` int(11) DEFAULT NULL,
  `lesson_name` varchar(255) DEFAULT NULL,
  `student_num` int(11) DEFAULT NULL,
  `hour` int(11) DEFAULT NULL,
  `teacher_name` varchar(255) DEFAULT NULL,
  `lecture_name` varchar(255) DEFAULT NULL,
  `school_code` varchar(255) DEFAULT NULL,
  PRIMARY KEY (`id`)
) ENGINE=InnoDB  DEFAULT CHARSET=utf8 AUTO_INCREMENT=584 ;

--
-- 转存表中的数据 `lecture`
--

INSERT INTO `lecture` (`id`, `computer_room_id`, `lesson_name`, `student_num`, `hour`, `teacher_name`, `lecture_name`, `school_code`) VALUES
(1, 1, '四資傳一A', 50, 3, '柯玲琴', '資訊傳播導論', '4'),
(2, 1, '四資傳一A', 50, 3, '王美金', '文創產業與數位內容應用實務', '4'),
(3, 1, '四資傳二A', 45, 3, '蔡哲民', '互動多媒體程式設計', '4'),
(4, 1, '四資傳二A', 45, 1, '蔡哲民', '班會', '4'),
(5, 1, '四資傳二A', 45, 3, '熊亮原', '數位影像圖文編輯排版', '4'),
(6, 1, '四資傳二A', 45, 3, '陳儒毅', '創意設計與思考技巧', '4'),
(7, 1, '四資傳三A', 44, 3, '張世熙', '3D電腦動畫', '4'),
(8, 1, '四資傳三A', 44, 3, '許季秦', '多媒體企劃專案撰寫', '4'),
(9, 1, '夜四資傳二A', 29, 3, '楊智彰', '繪圖實務', 'A'),
(10, 1, '夜四資傳二A', 29, 3, '陳淵琮', '動態網頁設計', 'A'),
(11, 1, '夜四資傳二A', 29, 3, '董德明', '基礎攝影與美學賞析', 'A'),
(12, 1, '夜四資傳二A', 29, 3, '張世熙', '創意引導與設計', 'A'),
(13, 1, '夜四資傳三A', 10, 4, '王美金', '多媒體企劃與製作', 'A'),
(14, 2, '四資傳四A', 43, 3, '蔡德明', '專題製作(二)', '4'),
(15, 2, '四資傳四A', 43, 1, '蔡德明', '班會', '4'),
(16, 2, '四資傳四A', 43, 3, '陳彥碩', '進階影像處理與製作', '4'),
(17, 2, '夜四資傳三A', 10, 3, '王譔博', '虛擬實境原理與應用', 'A'),
(18, 2, '夜四資傳三A', 10, 3, '王譔博', '人機介面', 'A'),
(19, 2, '夜四資傳三A', 10, 3, '蔡德明', '伺服器建置實務', 'A'),
(20, 2, '夜四資傳三A', 10, 3, '熊效儀', '編排設計', 'A'),
(21, 2, '夜四資傳四A', 21, 3, '柯玲琴', '數位學習概論', 'A'),
(22, 3, '四資傳一A', 50, 3, '王美金', '多媒體設計概論', '4'),
(23, 3, '四資傳一A', 50, 1, '王美金', '班會', '4'),
(24, 3, '四資傳一A', 50, 3, '曾惠青', '素描與設計技法', '4'),
(25, 3, '四資傳一A', 50, 4, '蔡哲民', '程式設計(一)', '4'),
(26, 3, '四資傳二A', 45, 3, '陳淵琮', '數位影音製作實務', '4'),
(27, 3, '四資傳二A', 45, 3, '蔡德明', '網站規劃與設計', '4'),
(28, 3, '四資傳四A', 43, 3, '陳淵琮', '網站程式設計', '4'),
(29, 3, '四資傳四A', 43, 3, '柯玲琴', '行動商務與行銷', '4'),
(30, 3, '夜四資傳一A', 15, 3, '許建平', '電腦與網路概論', 'A'),
(31, 3, '夜四資傳四A', 21, 3, '陳士達', '數位印刷與資料科技整合', 'A'),
(32, 4, '四資傳三A', 44, 3, '陳淵琮', '虛擬實境原理應用', '4'),
(33, 4, '四資傳三A', 44, 1, '陳淵琮', '班會', '4'),
(34, 4, '四資傳三A', 44, 3, '蔡德明', '雲端運算運用實務', '4'),
(35, 4, '四資傳三A', 44, 3, '蔡哲民', '網路資料庫系統', '4'),
(36, 4, '四資傳三A', 44, 3, '陳士達', '印刷生產力與資訊科技整合', '4'),
(37, 4, '夜四資傳一A', 15, 3, '柯玲琴', '資訊傳播科技導論', 'A'),
(38, 4, '夜四資傳一A', 15, 3, '楊智彰', '基礎統計應用', 'A'),
(39, 4, '夜四資傳一A', 15, 3, '王美金', '多媒體設計概論', 'A'),
(40, 4, '夜四資傳二A', 29, 4, '許季秦', '數位影音製作實務', 'A'),
(41, 5, '四機械一C', 50, 4, '朱紹舒', '計算機程式', '4'),
(42, 5, '四機械一E(外籍生)', 17, 4, '朱紹舒', '計算機程式', '4'),
(43, 5, '四機汽三A', 50, 3, '鄒忠全', '機電儀控整合及實習', '4'),
(44, 5, '四機械三F(雙軌班)', 12, 3, '王文榮', 'ANSYS有限元分析及實習', '4'),
(45, 5, '四機汽四A', 20, 4, '吳向宸', '微處理機應用與實習', '4'),
(46, 5, '四機械四B', 39, 3, '李浩榕', '機電儀控整合及實習', '4'),
(47, 5, '四機械四C', 44, 3, '李浩榕', '機電儀控整合及實習', '4'),
(48, 5, '四機械四D', 39, 3, '王文榮', '機電儀控整合及實習', '4'),
(49, 5, '四機械四E', 4, 3, '黃有弟', '工業產品設計', '4'),
(50, 5, '四機械二A', 55, 3, '廖培凱', '計算機程式', '4'),
(51, 5, '四機械四C', 33, 3, '鄒忠全', '機電儀控整合及實習', '4'),
(52, 5, '四機械四C', 33, 3, '吳向宸', '微處理機應用與實習', '4'),
(53, 6, '四機汽一A', 63, 4, '鄒忠全', '計算機程式', '4'),
(54, 6, '四機械一B', 50, 4, '廖培凱', '計算機程式', '4'),
(55, 6, '四機械一D', 50, 4, '陳維仁', '計算機程式', '4'),
(56, 6, '四機械二B', 51, 3, '陳維仁', '3D電腦繪圖實習', '4'),
(57, 6, '四機械二C', 50, 3, '李浩榕', '電腦輔助繪圖', '4'),
(58, 6, '四機械三B', 52, 3, '王松浩', '進階數控加工與實習(二)', '4'),
(59, 6, '四機械三C', 51, 3, '徐榮昌', '數值分析及實習', '4'),
(60, 6, '四機械三D', 40, 4, '孫書煌', '電腦輔助設計及實習', '4'),
(61, 6, '四機械三E', 5, 4, '王松浩', '電腦輔助設計與製造', '4'),
(62, 6, '四材料三A', 38, 3, '陳維仁', '電腦圖學', '4'),
(63, 6, '四機械二C', 40, 3, '洪興林', '計算機程式', '4'),
(64, 7, '四資管一A', 40, 3, '林文輝', '電子書製作', '4'),
(65, 7, '四資管一B', 40, 3, '沈英謀', '基礎程式設計', '4'),
(66, 7, '四資管一B', 40, 3, '林文輝', '電子書製作', '4'),
(67, 7, '四資管三A', 45, 3, '林孝忠', '雲端伺服器建置與管理', '4'),
(68, 7, '四資管三A', 45, 3, '曾生元', '3D互動多媒體', '4'),
(69, 7, '四資管四B', 43, 3, '林孝忠', '智慧物流與產銷數位化', '4'),
(70, 7, '夜四資管二A', 36, 3, '林文輝', '電子商務', 'A'),
(71, 7, '夜四資管二A', 36, 3, '張玲華', '2D多媒體動畫', 'A'),
(72, 8, '四資管一A', 40, 3, '羅仕堂', '企劃書製作與簡報', '4'),
(73, 8, '四資管一B', 40, 3, '賴正文', '企劃書製作與簡報', '4'),
(74, 8, '四資管三A', 45, 3, '沈英謀', '伺服器網頁程式設計', '4'),
(75, 8, '四資管三A', 45, 3, '游峰碩', '系統分析與設計', '4'),
(76, 8, '四資管三B', 43, 3, '游峰碩', '系統分析與設計', '4'),
(77, 8, '四資管四A', 47, 3, '林孝忠', '系統安全實務', '4'),
(78, 8, '在職碩專二', 12, 3, '洪俊銘', '網路技術專論', 'K'),
(79, 8, '在職碩專二', 12, 3, '許蕙纓', '網路行銷', 'K'),
(80, 8, '夜四資管一A', 38, 3, '羅仕堂', '企劃書製作與簡報', 'A'),
(81, 8, '夜四資管三A', 32, 3, '徐國鈞', '系統分析與設計', 'A'),
(82, 9, '四資管一A', 40, 3, '曾生元', '基礎程式設計', '4'),
(83, 9, '四資管二A', 49, 3, '曾生元', '動態網頁設計', '4'),
(84, 9, '夜四資管一A', 38, 3, '曾生元', '基礎程式設計', 'A'),
(85, 9, '夜四資管三A', 32, 3, '游峰碩', '手機應用程式', 'A'),
(86, 7, '專四資管一甲', 11, 3, '林孝忠', '網頁設計(併班)', 'E'),
(87, 7, '專四資管二甲', 8, 0, '林孝忠', '網頁設計(併班)', 'E'),
(88, 7, '專四資管三甲', 7, 3, '張玲華', '2D多媒體動畫(併班)', 'E'),
(89, 7, '專四資管四甲', 5, 0, '張玲華', '2D多媒體動畫(併班)', 'E'),
(90, 7, '專校資管一甲', 13, 0, '張玲華', '2D多媒體動畫(併班)', 'P'),
(91, 7, '專校資管二甲', 5, 0, '張玲華', '2D多媒體動畫(併班)', 'P'),
(92, 8, '二技資管三B', 15, 3, '沈英謀', '基礎程式設計(併班)', 'U'),
(93, 8, '二技資管四B', 11, 0, '沈英謀', '基礎程式設計(併班)', 'P'),
(94, 8, '專校四資管二甲', 8, 0, '沈英謀', '基礎程式設計(併班)', 'E'),
(95, 9, '專四資管一甲', 11, 3, '王意順', '企劃書製作與簡報(併班)', 'E'),
(96, 9, '專四資管四甲', 5, 0, '王意順', '企劃書製作與簡報(併班)', 'E'),
(97, 9, '專校資管二甲', 5, 0, '王意順', '企劃書製作與簡報(併班)', 'E'),
(98, 9, '資管碩一', 11, 3, '高淑珍', '研究方法', 'G'),
(99, 9, '資管碩一', 11, 3, '游峰碩', '程式樣式設計(併班)', 'G'),
(100, 9, '資管碩二', 11, 0, '游峰碩', '程式樣式設計(併班)', 'G'),
(101, 10, '在職碩專一', 11, 3, '徐國鈞', '物流與產銷', 'K'),
(102, 10, '在職碩專一', 11, 3, '柯玲琴', '商務經營與雲端整合', 'K'),
(103, 10, '在職碩專一', 11, 1, '', '學術倫理', 'K'),
(104, 10, '夜四資管四A', 20, 4, '游峰碩', '專題製作(二)', 'A'),
(105, 10, '資管碩一', 11, 2, '王平', '論文研討(一)', 'G'),
(106, 10, '資管碩一', 11, 3, '林文暉', '模式辨識', 'G'),
(107, 10, '資管碩一', 11, 3, '陳熙玫', '決策支援系統', 'G'),
(108, 10, '資管碩二', 11, 2, '王平', '論文研討(三)', 'G'),
(109, 10, '資管碩二', 11, 3, '吳國龍', '大數據分析', 'G'),
(110, 11, '夜四資管三A', 32, 3, '郭政翰', '網路行銷與企劃', 'A'),
(111, 11, '夜四資管三A', 32, 3, '賴正文', 'ERP配銷模組', 'A'),
(112, 11, '夜四資管三A', 32, 3, '陳智維', '簡報製作與表達', 'A'),
(113, 11, '四資管四B', 43, 3, '高淑珍', '資料探勘', '4'),
(114, 11, '四資管三B', 43, 3, '葉俊吾', 'ERP配銷模組', '4'),
(115, 11, '二技資管四B', 19, 3, '郭文真', 'ERP配銷模組', 'U'),
(116, 11, '四資管二A', 49, 3, '吳國龍', '統計學', '4'),
(117, 11, '四資管二B', 47, 3, '吳國龍', '統計學', '4'),
(118, 11, '二技資管三B', 15, 3, '許蕙纓', '網路行銷與企劃(併班)', 'U'),
(119, 11, '二技資管四B', 11, 0, '許蕙纓', '網路行銷與企劃(併班)', 'U'),
(120, 11, '專四資管一甲', 11, 0, '許蕙纓', '網路行銷與企劃(併班)', 'U'),
(121, 11, '專四資管二甲', 8, 0, '許蕙纓', '網路行銷與企劃(併班)', 'E'),
(122, 11, '專四資管一甲', 11, 3, '徐國鈞', '數位影片編輯(併班)', 'E'),
(123, 11, '專四資管二甲', 8, 0, '徐國鈞', '數位影片編輯(併班)', 'E'),
(124, 11, '專校資管一甲', 13, 0, '徐國鈞', '數位影片編輯(併班)', 'P'),
(125, 11, '專校資管二甲', 6, 0, '徐國鈞', '數位影片編輯(併班)', 'P'),
(126, 14, '四電通二A', 47, 4, '陳奉殷', '電子學暨實習(一)', '4'),
(127, 14, '電通碩一', 28, 3, '蔡崇洲', '天線設計實務', 'G'),
(128, 14, '四電通一B', 46, 4, '陳耀煌', '基本電學暨實習(一)', '4'),
(129, 14, '四電通一A', 36, 4, '吳宏偉', '基本電學暨實習(一)', '4'),
(130, 14, '四電通四B', 20, 3, '曾昭雄', '硬體描述語言', '4'),
(131, 14, '四電通二B', 54, 4, '陳添智', '電子學暨實習(一)', '4'),
(132, 15, '四電通四A', 52, 3, '程榮祥', '資料結構', '4'),
(133, 15, '四電通三B', 43, 4, '郭崇仁', '數位信號處理暨實習', '4'),
(134, 15, '四電通一B', 56, 4, '陳國泰', '程式設計(一)', '4'),
(135, 15, '四電通一A', 42, 4, '劉崇汎', '程式設計(一)', '4'),
(136, 15, '四電通一B', 35, 4, '郭晉魁', '網頁設計暨實習', '4'),
(137, 15, '四電通三A', 69, 3, '桂台麟', '網路資料庫設計', '4'),
(138, 15, '四電通三B', 63, 3, '郭晉魁', 'Linux作業系統', '4'),
(139, 18, '四電通二B', 53, 4, '吳崇民', '自動控制實務', '4'),
(140, 18, '四電通二A', 47, 4, '曾紹雄', '微處理機應用暨實習(一)', '4'),
(141, 18, '四電通一A', 34, 4, '陳奉殷', '邏輯設計暨實習', '4'),
(142, 18, '四電通四B', 34, 4, '吳崇民', '通訊微處理暨實習', '4'),
(143, 18, '四電通二B', 57, 4, '郭崇仁', '微處理機應用暨實習(一)', '4'),
(144, 18, '四電通一B', 33, 4, '林明權', '邏輯設計暨實習', '4'),
(145, 18, '四電通二A', 41, 4, '吳崇民', '自動控制實務', '4'),
(146, 18, '四電通三C', 11, 8, '吳崇民', '微處理機應用暨實習(一)', '4'),
(147, 16, '四電通三C', 11, 2, '王建仁', '創新與創意思考', '4'),
(148, 16, '四電通三A', 38, 4, '王建仁', '網路路由技術', '4'),
(149, 16, '四電通二A', 47, 4, '王建仁', '訊號與系統暨實習', '4'),
(150, 16, '四電通一A', 35, 4, '郭崇仁', '網頁設計暨實習', '4'),
(151, 16, '四電通四A', 60, 3, '許智威', '物聯網概論', '4'),
(152, 16, '四電通二A', 59, 4, '劉崇汎', '手機程式設計', '4'),
(153, 17, '四電通三A', 27, 4, '林志鴻', '數位通訊暨實習', '4'),
(154, 17, '四電通三B', 44, 3, '許智威', '收發機實務', '4'),
(155, 17, '電通碩一', 10, 3, '程榮祥', '網路模擬與效能計算', 'G'),
(156, 17, '四電通二B', 58, 4, '林志鴻', '訊號與系統暨實習', '4'),
(157, 17, '四電通三B', 42, 4, '林志鴻', '數位通訊暨實習', '4'),
(158, 17, '四電通三A', 60, 3, '曾昭雄', '數位影像處理', '4'),
(159, 27, '夜四財金一A', 30, 3, '陳哲斐', '商用套裝軟體', 'A'),
(160, 27, '四會資四A', 25, 2, '黃共惠', '電子商務', '4'),
(162, 36, '四公一A', 60, 2, '劉正道', '新聞寫作', '4'),
(164, 36, '四公一B', 60, 2, '鄭鼎寶', '新聞寫作', '4'),
(165, 36, '四公一A', 60, 2, '郭靖邦', '電腦繪圖', '4'),
(167, 36, '四公一B', 60, 2, '熊效儀', '電腦繪圖', '4'),
(168, 36, '四公一c', 60, 2, '郭靖邦', '電腦繪圖', '4'),
(169, 36, '四公二A', 60, 2, '李偉民', '進階廣告影片製作', '4'),
(170, 36, '四公二A', 60, 2, '郭靖邦', '廣告設計與製作', '4'),
(171, 36, '四公二B', 60, 2, '劉正道', '公關寫作', '4'),
(172, 36, '四公二B', 60, 2, '馮國豪', '應用統計', '4'),
(173, 36, '四公二C', 60, 2, '熊效儀', '廣告設計與製作', '4'),
(174, 36, '四公二C', 60, 2, '費翠', '網路行銷', '4'),
(175, 36, '夜公一A', 25, 2, '郭靖邦', '電腦繪圖', 'A'),
(176, 36, '夜公二A', 25, 2, '費翠', '網路行銷', 'A'),
(177, 36, '夜公二A', 25, 2, '陳信助', '應用統計', 'A'),
(178, 36, '夜公二A', 25, 2, '郭靖邦', '網頁設計與製作', 'A'),
(179, 36, '夜公四A', 25, 2, '郭靖邦', '數位媒體創作', 'A'),
(180, 36, '證照班', 180, 40, '', '', '請選擇'),
(181, 36, '畢製專題', 106, 40, '', '', '請選擇'),
(182, 36, '產學案', 100, 40, '', '', '請選擇'),
(183, 36, '競賽', 100, 40, '', '', '請選擇'),
(184, 36, '作業', 200, 40, '', '', '請選擇'),
(185, 37, '四資管一A', 37, 3, '曾生元', '網頁設計', '4'),
(186, 37, '四資管一A', 47, 3, '徐國鈞', '數位影片編輯', '4'),
(187, 37, '四資管一B', 57, 3, '沈英謀', '網頁設計', '4'),
(188, 37, '四資管二A', 56, 3, '林孝忠', 'Windows作業系統', '4'),
(189, 37, '四資管二A', 56, 3, '林孝忠', 'Linux作業系統', '4'),
(191, 37, '四資管三A', 58, 3, '林文暉', '創新智慧生活科技', '4'),
(192, 37, '四資管三A', 26, 3, '曾生元', '網路管理', '4'),
(193, 37, '四資管四B', 39, 3, '林孝忠', '雲端運算安全', '4'),
(194, 37, '四資管四B', 40, 3, '賴正文', '數位影片編輯', '4'),
(195, 37, '四技資管一A', 35, 3, '張玲華', '電腦網路概論', 'A'),
(196, 37, '四技資管一A', 35, 3, '洪俊銘', '網頁設計', 'A'),
(197, 37, '四技資管一A', 35, 3, '賴正文', '數位影片編輯', 'A'),
(198, 37, '四技資管二A', 25, 3, '游峰碩', '3D多媒體動畫', 'A'),
(199, 37, '專校資管二甲', 5, 3, '張玲華', '網頁設計(併)', 'P'),
(200, 37, '二技資管三B', 14, 3, '羅仕堂', '資料庫管理系統(併)', 'U'),
(201, 37, '二技資管三B', 14, 3, '張玲華', '網頁設計(併)', 'U'),
(202, 37, '二技資管四B', 10, 3, '羅仕堂', '資料庫管理系統(併)', 'U'),
(203, 37, '四技資管四B', 10, 3, '張玲華', '網頁設計(併)', 'U'),
(204, 38, '四資管一B', 56, 3, '陳熙玫', '電子商務', '4'),
(205, 38, '四資管二A', 54, 3, '高淑珍', '資料庫管理系統應用', '4'),
(206, 38, '四資管二B', 54, 3, '沈英謀', 'Windows作業系統', '4'),
(207, 38, '四資管二B', 55, 3, '高淑珍', '資料庫管理系統應用', '4'),
(208, 38, '四資管四B', 39, 3, '林孝忠', '雲端運算安全', '4'),
(209, 38, '四技資管二A', 25, 3, '林孝忠', 'Windows作業系統', 'A'),
(210, 38, '四技資管二A', 25, 3, '高淑珍', '資料庫管理系統應用', 'A'),
(211, 38, '專班四資一甲', 29, 3, '沈英謀', '資料庫管理系統(併-a)', 'E'),
(212, 38, '專班四資一甲', 23, 3, '羅仕堂', '基礎程式設計(併)', 'E'),
(213, 38, '專班四資三甲', 25, 3, '沈英謀', '伺服網頁程式設計(併)', 'E'),
(214, 39, '四資管一A', 24, 3, '曾生元', '進階程式設計', '4'),
(215, 39, '資管碩一', 26, 3, '吳國龍', '多變量分析', 'G'),
(216, 39, '資管碩一', 9, 3, '林文暉', '人工智慧概論', 'G'),
(217, 39, '四技資管一A', 35, 3, '郭淑惠', '電子書製作', 'A'),
(218, 39, '四技資管三A', 31, 3, '曾生元', '網路管理', 'A'),
(222, 39, '四技資管四B', 25, 3, '郭政翰', '專案管理', 'A'),
(223, 39, '專班四資二甲', 21, 3, '王平', '專案管理(併)', 'E'),
(224, 39, '專班資管研一A', 13, 3, '吳國龍', '數量方法', 'K'),
(225, 39, '專班資管研一A', 13, 3, '游峰碩', '網站規劃與管理', 'K'),
(226, 39, '專班資管研一A', 13, 3, '許蕙纓', '消費者行為', 'K'),
(228, 39, '專班資管研一A', 13, 3, '洪俊銘', '網路技術專論', 'K'),
(229, 40, '資管碩一', 11, 3, '王平', '論文寫作', 'G'),
(230, 40, '資管碩一', 9, 3, '王平', '創新與專利管理', 'G'),
(233, 40, '資管碩一', 20, 3, '高淑珍', '決策分析', 'G'),
(234, 40, '資管碩一', 11, 3, '王平', '論文', 'G'),
(235, 42, '四資管一A', 40, 3, '林文暉', '電腦網路概論', '4'),
(236, 42, '四資管一B', 44, 3, '徐國鈞', '電腦網路概論', '4'),
(237, 42, '四資管一B', 43, 3, '羅仕堂', '商業資料分析', '4'),
(238, 42, '四技資管三A', 31, 3, '葉俊吾', 'ERP生管模組', 'A'),
(239, 42, '四技資管四A', 22, 3, '郭文真', 'ERP財務模組', 'A'),
(240, 42, '四技資管四A、四B', 47, 3, '王平', '系統安全實務', 'A'),
(242, 42, '四技資管四B', 25, 3, '郭文真', 'ERP財務模組', 'A'),
(243, 42, '專班四資一甲', 23, 3, '王意順', 'ERP配銷模組', 'E'),
(244, 42, '專班四資三甲', 15, 3, '徐國鈞', '網路行銷與企劃(併)', 'E'),
(245, 43, '視覺一C', 56, 3, '鄧偉炘', '文字造型設計', '4'),
(246, 43, '視覺二A', 67, 3, '林芳年', '資訊視覺化設計', '4'),
(247, 43, '視覺一A', 50, 3, '呂裕文', '編輯設計', '4'),
(248, 43, '視覺二C', 61, 3, '呂裕文', '資訊視覺化設計', '4'),
(249, 43, '視覺二C', 33, 3, '張傳旺', '互動多媒體網頁設計', '4'),
(250, 43, '視覺一B', 53, 3, '呂裕文', '文字造型設計', '4'),
(252, 43, '視覺二B', 67, 3, '曾薰誼', '資訊視覺化設計', '4'),
(253, 43, '視覺一C', 44, 3, '陳儒毅', '編輯設計', '4'),
(254, 43, '夜四技視傳二A', 30, 3, '陳偉欽', '非線性剪輯', 'A'),
(255, 43, '夜四技視傳二A', 36, 3, '曾薰誼', '資訊視覺化設計', 'A'),
(256, 43, '夜四技視傳一A', 27, 3, '陳儒毅', '編輯設計', 'A'),
(257, 44, '視覺二A', 62, 3, '曾惠青', '2D動畫', '4'),
(258, 44, '視覺一B', 54, 3, '鄭中義', '編輯設計', '4'),
(259, 44, '視覺二B', 30, 3, '鄭中義', '書籍設計', '4'),
(260, 44, '視覺三B', 57, 3, '鄭中義', '包裝結構設計', '4'),
(261, 44, '視覺二C', 48, 3, '鄭中義', '印前製作與管理', '4'),
(262, 44, '視覺一A', 55, 3, '何炳輝', '文字造型設計', '4'),
(263, 44, '視覺三A', 62, 3, '徐文俊', '音像設計', '4'),
(264, 44, '視覺三B', 51, 3, '鄭中義', '設計師演習', '4'),
(265, 44, '視覺二C', 54, 3, '鄭明輝', '書籍設計', '4'),
(266, 44, '夜四技視傳三A、B', 27, 3, '曾惠青', '影片製作與執行', 'A'),
(267, 44, '夜四技視傳二A', 28, 3, '鄭中義', '印前製作與管理', 'A'),
(268, 45, '視覺二B', 60, 3, '徐文俊', '互動多媒體網頁設計', '4'),
(269, 45, '視覺三A', 60, 3, '鄧偉炘', '角色動畫設計', '4'),
(270, 45, '視覺二A', 78, 3, '鄧偉炘', '3D虛擬模型設計', '4'),
(271, 45, '視覺二A', 31, 3, '陳儒毅', '印前製作與管理', '4'),
(272, 45, '視覺二A', 77, 3, '陳偉欽', '視覺特效', '4'),
(273, 45, '視覺二B', 68, 3, '何炳輝', '印前製作與管理', '4'),
(274, 45, '夜四技視傳一A', 29, 2, '徐偉能', '電腦插畫', 'A'),
(275, 45, '夜四技視傳一A', 28, 3, '徐文俊', '文字造型設計', 'A'),
(276, 45, '夜四技視傳三A、B', 42, 3, '鄧偉炘', '進階3D電腦繪圖', 'A'),
(277, 45, '3DMAYA特效推廣班', 26, 4, '', '', '請選擇'),
(278, 42, '四資管三A', 45, 6, '', '', '請選擇'),
(279, 42, '四資管三B', 43, 6, '', '', '請選擇'),
(280, 40, '在職碩一', 11, 6, '', '', '請選擇'),
(281, 40, '碩一', 11, 6, '', '', '請選擇'),
(282, 37, '四資管一A', 40, 6, '', '', '請選擇'),
(283, 37, '四資管一B', 40, 3, '', '', '請選擇'),
(284, 38, '四資管二A', 49, 6, '', '', '請選擇'),
(285, 38, '四資管二B', 47, 6, '', '', '請選擇'),
(286, 46, '四電通一A', 41, 4, '郭晉魁', '基本電學暨實習(二)', '4'),
(287, 46, '四電通一B', 46, 4, '陳耀煌', '基本電學暨實習(二)', '4'),
(288, 46, '四電通二A', 43, 4, '陳奉殷', '電子學暨實習(二)', '4'),
(289, 46, '四電通二B', 54, 4, '陳添智', '電子學暨實習(二)', '4'),
(290, 46, '四電通三B', 58, 3, '林志鴻', '射頻電路設計實務', '4'),
(291, 46, '四電通三C', 11, 4, '蔡崇洲', '智慧電子應用設計實務', '4'),
(292, 46, '四電通四B', 28, 9, '蔡崇洲', '天線與系統量測', '4'),
(293, 47, '電通碩一', 10, 3, '程榮祥', '演算法', 'G'),
(294, 47, '四電通一A', 66, 4, '蔡舜智', '基礎網路', '4'),
(295, 47, '四電通一B', 44, 4, '陳國泰', '程式設計(二)', '4'),
(296, 47, '四電通三A', 58, 3, '許智威', '雲端運算概論', '4'),
(297, 47, '四電通三A', 58, 4, '程榮祥', '物聯網應用與實務', '4'),
(298, 47, '四電通三A', 23, 4, '劉崇汎', '視窗程式設計', '4'),
(299, 47, '四電通四B', 44, 4, '吳崇民', '視窗程式設計', '4'),
(300, 47, '四技電通一A', 5, 4, '陳國泰', '程式設計(二)', 'A'),
(301, 48, '四電通一A', 58, 4, '郭晉魁', '微處理機應用暨實習(一)', '4'),
(302, 48, '四電通二A', 44, 4, '吳崇民', '感測器原理與應用', '4'),
(303, 48, '四電通二A', 38, 4, '曾昭雄', '微處理機應用暨實習(二)', '4'),
(304, 48, '四電通二B', 49, 4, '吳崇民', '感測器原理與應用', '4'),
(305, 48, '四電通二B', 27, 4, '郭崇仁', '微處理機應用暨實習(二)', '4'),
(306, 48, '四電通三B', 55, 3, '郭崇仁', '物聯網概論', '4'),
(307, 48, '四電通三C', 11, 4, '郭晉魁', '微處理機應用暨實習(二)', '4'),
(308, 48, '四技電通二A', 13, 4, '曾昭雄', '數位邏輯設計', 'A'),
(309, 49, '四電算一A', 41, 4, '劉崇汎', '程式設計(二)', '4'),
(310, 49, '四電通二A', 38, 3, '郭崇仁', '物聯網概論', '4'),
(311, 49, '四電通二A', 39, 4, '王建仁', '基礎網路', '4'),
(313, 49, '四電通二B', 55, 3, '郭崇仁', '物聯網概論', '4'),
(314, 49, '四電通二B', 54, 4, '王建仁', '基礎網路', '4'),
(316, 49, '四電通三B 四電通四A', 47, 3, '黃慶祥', '網路資料庫設計', '4'),
(317, 49, '四電通三C', 11, 3, '王建仁', '半導體製程', '4'),
(318, 50, '電通碩一', 9, 3, '蔡崇洲', '無線通訊系統專論', 'G'),
(319, 50, '電通碩一', 20, 3, '吳崇民', '嵌入式系統設計', 'G'),
(320, 50, '四電通三A', 43, 3, '王建仁', '數位語音處理', '4'),
(321, 50, '四電通三C', 11, 3, '林志鴻', '通訊原理', '請選擇'),
(322, 50, '四電通四B', 44, 4, '劉崇汎', '數位電視與電路實務', '4'),
(323, 50, '四技電通三A', 17, 4, '林志鴻', '訊號與系統暨實習', 'A'),
(324, 50, '專班電通研一A', 1, 3, '郭崇仁', '物聯網應用', 'K'),
(325, 51, '四電通四A', 30, 4, '劉崇汎', '自動控制實務', '4'),
(326, 51, '四電通四A', 31, 3, '郭晉魁', '電腦視覺實務', '4'),
(327, 52, '四視訊二A', 31, 3, '劉勇明', '3D動畫(二)', '4'),
(328, 52, '四視訊二B', 15, 3, '劉勇明', '3D動畫(二)', '4'),
(329, 52, '夜四視訊二A', 25, 3, '劉勇明', '3D動畫(一)', 'A'),
(330, 52, '夜四視訊二A', 25, 2, '鄭玲兒', '互動影音設計', 'A'),
(331, 53, '四視訊三A', 52, 2, '林孟欣', '影視美術設計', '4'),
(333, 53, '四視訊三B', 58, 2, '林孟欣', '影視美術設計', '4'),
(334, 54, '四視訊一A', 58, 3, '林倚鄉', '剪輯原理', '4'),
(335, 54, '四視訊一B', 57, 3, '林倚鄉', '剪輯原理', '4'),
(336, 54, '四視訊一C', 62, 3, '林倚鄉', '剪輯原理', '4'),
(338, 54, '四視訊一A', 59, 2, '呂頌恩', '聲音與影像', '4'),
(339, 54, '四視訊一B', 55, 2, '陳朝欽', '聲音與影像', '4'),
(340, 54, '四視訊一C', 48, 2, '陳朝欽', '聲音與影像', '4'),
(341, 54, '四視訊二A', 54, 2, '呂頌恩', '影視音效與配樂', '4'),
(342, 54, '四視訊二B', 63, 2, '呂頌恩', '影視音效與配樂', '4'),
(343, 54, '夜四視訊一A', 26, 2, '陳朝欽', '聲音與影像', 'A'),
(345, 54, '夜四視訊二A', 24, 2, '陳朝欽', '數位音效剪輯', 'A'),
(346, 54, '夜四視訊三A', 29, 2, '陳朝欽', '數位音效剪輯', 'A'),
(347, 54, '夜四視訊三A', 29, 2, '陳博文', '進階影音剪輯實務', 'A'),
(348, 55, '空設一B', 70, 2, '蔡宗瑋', '電腦輔助設計(一)', '4'),
(349, 55, '空設一A', 70, 2, '蔡宗瑋', '電腦輔助設計(一)', '4'),
(350, 55, '空設二C', 70, 2, '吳培暉', '創意思考與方法', '4'),
(351, 55, '空設二C', 70, 2, '張從怡', '照明設計與模擬', '4'),
(352, 55, '空設一C', 70, 2, '蔡宗瑋', '電腦輔助設計(一)', '4'),
(353, 55, '空設二A', 70, 3, '張從怡', '電腦輔助室內設計', '4'),
(354, 55, '空設二B', 70, 2, '張從怡', '照明設計與模擬', '4'),
(355, 55, '夜空設二A', 60, 2, '梁凱翔', '電腦輔助設計進階', 'P'),
(356, 55, '夜空設四A', 60, 2, '鄭博元', '數位設計專題', 'P'),
(357, 55, '夜空設三A', 60, 2, '鄭博元', '3D虛擬數位設計', 'P'),
(358, 55, '空設三A', 30, 3, '張郁靂', '空間文化形式探索專題(一)', '4'),
(359, 55, '空設系', 70, 8, '張從怡', '證照輔導相關課程', '4'),
(360, 56, '公廣二A', 60, 2, '徐玉瓊', '網路行銷', '4'),
(361, 56, '空設三A', 60, 2, '施文禮', '3D虛擬數位設計', '4'),
(362, 56, '公廣一C', 60, 2, '鄭鼎寶', '新聞寫作', '4'),
(363, 56, '空設二B', 60, 3, '梁凱翔', '電腦輔助設計進階', '4'),
(364, 56, '公廣二C', 60, 2, '劉正道', '公關寫作', '4'),
(365, 56, '空設四A', 60, 3, '梁凱翔', '數位設計專題', '4'),
(366, 56, '空設二C', 60, 3, '施文禮', '電腦輔助創新設計', '4'),
(367, 56, '公廣二B', 60, 3, '李偉民', '進階廣告影片製作', '4'),
(368, 56, '夜公廣二A', 60, 2, '劉正道', '公關寫作', 'P'),
(369, 56, '夜空設一A', 60, 2, '蔡宗瑋', '電腦輔助設計(一)', 'P'),
(371, 57, '空設四A', 50, 6, '', '', '4'),
(372, 57, '空設四B', 45, 6, '', '', '4'),
(373, 58, '空設三A', 43, 4, '', '', '4'),
(374, 58, '空設三A', 45, 4, '', '', '4'),
(375, 59, '四國二A', 35, 2, '', '商業套裝軟體(二)', '4'),
(377, 59, '四國二B', 35, 2, '', '商業套裝軟體(二)', '4'),
(378, 60, '四國四A', 50, 3, '', '', '4'),
(379, 60, '四國四B', 50, 3, '', '', '4'),
(380, 60, '商展競賽', 10, 10, '', '', '4'),
(381, 61, '四資工二A', 50, 4, '任才俊', '微算機原理與實習', '4'),
(382, 61, '四資工二B', 59, 4, '周志學', '微算機原理與實習', '4'),
(383, 61, '四資工三A', 40, 3, '邱正毅', '機器人程式設計', '4'),
(384, 61, '夜四資工四A', 26, 3, '邱正毅', '機器人程式設計', 'P'),
(385, 61, '夜四資工四A', 26, 2, '蔣元隆', '專題研究(二)', 'P'),
(386, 61, '夜四資工四A', 26, 3, '任才俊', '類神經網路', 'P'),
(387, 61, '夜四資工四A', 26, 3, '吳長益', '系統單晶片', 'P'),
(388, 62, '四資工一A', 43, 3, '林建良', '程式設計(二)', '4'),
(389, 62, '四資工一A', 59, 3, '林建良', '程式設計實習(二)', '4'),
(390, 62, '四資工一B', 49, 3, '李宗儒', '程式設計(二)', '4'),
(391, 62, '四資工一B', 61, 3, '李宗儒', '程式設計實習(二)', '4'),
(392, 62, '四資工四A', 43, 3, '林錦財', '商業數位多媒體製作', '4'),
(393, 62, '夜四資工一A', 13, 3, '林建良', '程式設計(二)', 'P'),
(394, 63, '四資工一A', 39, 3, '張慶寶', 'HTML 5程式設計', '4'),
(395, 63, '四資工一B', 48, 3, '黃慶祥', '作業系統', '4'),
(396, 63, '四資工一B', 41, 3, '張慶寶', 'HTML 5程式設計', '4'),
(397, 63, '四資工二A', 37, 4, '邱正毅', 'Linux作業系統實務', '4'),
(398, 63, '四資工三B', 53, 3, '林錦財', '離散數學', '4'),
(399, 63, '四資工三B', 36, 3, '曾龍', '網站滲透測試與鑑識實務', '4'),
(400, 63, '數科所', 7, 3, '黃慶祥', '物聯網實務', '4'),
(401, 63, '夜四資工二A', 11, 3, '陳柔伊', '計算機網路', 'P'),
(402, 63, '夜四資工二A', 11, 3, '鄭郁翰', '伺服網頁程式設計', 'P'),
(403, 63, '夜四資工二A', 11, 3, '張慶寶', '作業系統', 'P'),
(404, 63, '夜四資工二A', 11, 3, '彭已庭', '視窗程式設計', 'P'),
(405, 64, '四資工二A', 42, 3, '王文彥', '伺服器架設實務', '4'),
(406, 64, '四資工二B', 58, 3, '王文彥', '伺服器架設實務', '4'),
(407, 64, '四資工三A', 38, 3, '林錦財', '專題製作(二)', '4'),
(408, 64, '四資工四A', 57, 3, '林錦財', 'Web MVC開發', '4'),
(409, 64, '四資工四B', 55, 3, '李冠榮', '雲端物聯網中介軟體', '4'),
(410, 64, '數科所', 9, 3, '李冠榮', '數位生活科技專題研討(二)', '4'),
(411, 64, '數科所', 9, 3, '曾建勳', '數位影像處理系統設計', '4'),
(412, 64, '夜四資工四A', 26, 3, '王文彥', '資料探勘', 'P'),
(413, 65, '四資工一A', 35, 4, '蔣元隆', '可程式邏輯與實習', '4'),
(414, 65, '四資工一B', 44, 4, '蔣元隆', '可程式邏輯與實習', '4'),
(415, 65, '四資工二A', 62, 3, '曾龍', 'Android程式設計', '4'),
(416, 65, '四資工三A', 44, 3, '鐘俊顏', '創新智慧生活科技', '4'),
(417, 65, '四資工三A', 31, 3, '周志學', '行動寬頻校園智慧服務專題', '4'),
(418, 65, '四資工三B', 46, 3, '王文彥', '專題製作(二)', '4'),
(419, 65, '四資工三B', 58, 3, '鐘俊顏', '創新智慧生活科技', '4'),
(420, 65, '四資工四B', 52, 3, '鄭朝榮', '巨量資料分析', '4'),
(421, 65, '夜四資工三A', 20, 3, '林錦財', '專題製作(二)', 'P'),
(422, 65, '夜四資工三A', 20, 3, '李宗儒', '雲端運算原理與實習', 'P'),
(423, 65, '夜四資工三A', 20, 3, '鄭郁翰', '行動網路程式設計', 'P'),
(424, 65, '夜四資工三A', 20, 3, '鄭朝榮', '電子商務', 'P'),
(425, 65, '夜四資工三A', 20, 3, '陳柔伊', '資訊安全', 'P'),
(426, 66, '四資工一A', 37, 3, '張慶寶', '作業系統', '4'),
(427, 66, '四資工二B', 59, 3, '曾建勳', 'Linux作業系統實務', '4'),
(428, 66, '四資工二B', 46, 3, '李宗儒', '演算法導論', '4'),
(429, 66, '四資工三B', 38, 3, '任才俊', '智慧電子設計概論', '4'),
(430, 66, '四資工四A', 46, 2, '林建良', '專題研究(二)', '4'),
(431, 66, '四資工四A', 32, 3, '林建良', '手機UI設計', '4'),
(432, 66, '四資工四A', 43, 2, '曾建勳', '智慧行動終端與物聯網APP', '4'),
(433, 66, '四資工四B', 36, 2, '曾建勳', '專題研究(二)', '4'),
(434, 66, '夜四資工一A', 13, 3, '曾建勳', 'HTML 5程式設計', 'P'),
(435, 66, '夜四資工一A', 13, 3, '邱正毅', 'Linux作業系統實務', 'P'),
(436, 66, '夜四資工二A', 11, 4, '黃慶祥', '微算機原理與實習', 'P'),
(437, 66, '進修部-數科所碩二', 7, 3, '李冠榮', '數位生活科技專論', 'P'),
(438, 67, '四資傳一A', 56, 3, '王美金', '創意設計與思考技巧', '4'),
(439, 67, '四資傳一A', 56, 3, '熊亮原', '色彩計畫與創意編排', '4'),
(440, 67, '四資傳一A', 56, 3, '陳儒毅', '數位影像處理', '4'),
(441, 67, '四資傳一A', 56, 3, '陳彥碩', '攝影原理與實務', '4'),
(442, 67, '四資傳二A', 43, 3, '陳士達', '印刷生產力與資訊科技整合', '4'),
(443, 67, '夜四資傳三A', 25, 3, '王譔博', '資料蒐集與實務分析', 'A'),
(445, 67, '夜四資傳三A', 25, 3, '熊亮原', '色彩計畫', 'A'),
(447, 67, '夜四資傳三A', 25, 3, '陳淵琮', '資料庫實務', 'A'),
(448, 67, '夜四資傳三A', 25, 3, '許季秦', '數位動畫機處', 'A'),
(452, 68, '四資傳三A', 37, 3, '陳淵琮', '專題製作(一)', '4'),
(453, 68, '四資傳三A', 37, 3, '陳彥碩', '數位印刷設計與媒材應用', '4'),
(454, 68, '四資傳三A', 37, 3, '王美金', '創新智慧生活科技', '4'),
(455, 68, '四資傳四A', 39, 4, '柯玲琴', '電腦媒介傳播與線上社群', '4'),
(456, 68, '四資傳四A', 39, 3, '王美金', '數位內容應用講座', '4'),
(457, 68, '四資傳四A', 39, 4, '楊智彰', '數位生活科技', '4'),
(458, 68, '夜四資傳一A', 8, 3, '熊效儀', '基礎設計', 'A'),
(459, 68, '夜四資傳一A', 8, 3, '董德明', '數位影像處理', 'A'),
(460, 68, '夜四資傳一A', 8, 3, '董德明', '網站規劃與設計', 'A'),
(461, 68, '夜四資傳一A', 8, 3, '柯玲琴', '辦公室應用軟體', 'A'),
(463, 68, '夜四資傳二A', 12, 3, '王譔博', '資訊傳播企劃與行銷方法', 'A'),
(464, 68, '夜四資傳二A', 12, 3, '楊智彰', '數位印刷與資訊整合', 'A'),
(465, 70, '四資傳一A', 56, 4, '蔡哲民', '程式設計(二)', '4'),
(466, 70, '四資傳一A', 56, 3, '陳淵琮', '電腦網路與作業系統', '4'),
(467, 70, '四資傳二A', 43, 3, '蔡哲民', '互動人機介面', '4'),
(468, 70, '四資傳二A', 43, 3, '陳淵琮', '虛擬實境原理與應用', '4'),
(469, 70, '四資傳二A', 43, 3, '陳偉欽', '數位媒材創意設計', '4'),
(470, 70, '四資傳二A', 43, 3, '蔡德明', '網路伺服器建置與管理', '4'),
(471, 70, '四資傳二A', 43, 3, '許季秦', '數位動畫設計與製作', '4'),
(472, 70, '四資傳三A', 37, 3, '王士熙', '互動展示企劃與製作', '4'),
(473, 70, '夜四資傳二A', 12, 3, '王美金', '電子商務', 'A'),
(475, 70, '夜四資傳三A', 25, 3, '王士熙', '互動多媒體科技概論', 'A'),
(476, 71, '四資傳三A', 37, 3, '蔡哲民', '網頁程式設計', '4'),
(477, 71, '四資傳四A', 39, 2, '蔡德明', '畢業專題製作', '4'),
(478, 71, '四資傳四A', 39, 4, '梁凱翔', '互動藝術與裝置應用', '4'),
(479, 71, '夜四資傳四A', 19, 4, '柯玲琴', '數位教學設計概論', 'A'),
(480, 71, '夜四資傳四A', 19, 4, '許建平', '網路與資訊安全', 'A'),
(481, 71, '夜四資傳四A', 19, 4, '許建平', '數位生活科技', 'A'),
(482, 72, '四會資二A', 29, 3, '黃共惠', 'ERP財務模組', '4'),
(483, 72, '四餐飲三A', 25, 2, '武維邦', '餐飲資訊系統', '4'),
(484, 72, '四餐飲三B', 37, 2, '武維邦', '餐飲資訊系統', '4'),
(485, 72, '四餐飲三C', 39, 2, '武維邦', '餐飲資訊系統', '4'),
(486, 72, '夜四餐飲三A', 41, 2, '武維邦', '餐飲電子商務', 'A'),
(487, 72, '夜四餐飲三B', 40, 2, '武維邦', '餐飲電子商務', 'A'),
(488, 72, '夜四會資四A', 9, 3, '黃共惠', '會計資訊系統', 'A'),
(489, 73, '專班四企一甲', 11, 3, '蔡青曄', 'ERP配銷模組', 'E'),
(490, 73, '日四企二A', 45, 3, '黃文進', 'ERP配銷模組', '4'),
(491, 74, '日四企二A', 45, 1, '施佳玫', '管理會計', '4'),
(492, 74, '日四企二B', 44, 1, '施佳玫', '財務管理', '4'),
(493, 74, '四技企管三A', 26, 1, '施佳玫', '策略管理', '4'),
(494, 74, '四技企管三B', 29, 1, '施佳玫', '策略管理', '4'),
(495, 74, '日四企二A', 45, 1, '歐陽豪', '財務管理', '4'),
(496, 75, '光電三A', 24, 3, '葉倍宏', '創意與專利', '4'),
(497, 75, '光電三A', 26, 2, '歐朝欽', '基礎量測及實習', '4'),
(498, 75, '電子三A', 44, 2, '林明權', '專業證照實習(一)', '4'),
(499, 75, '光電碩一', 10, 3, '歐朝欽', '感測器原理與應用', 'G'),
(500, 75, '夜光電三、四A', 20, 3, '楊朝欽', '感測元件與應用', 'A'),
(501, 75, '電子三A', 45, 3, '林明權', '實務專題(一)', '4'),
(502, 75, '光電一A', 36, 3, '張台雄', '數位邏輯設計與實習', '4'),
(503, 75, '夜光電二、三A', 20, 4, '葉倍宏', '光學軟體模擬實習', 'A'),
(504, 75, '二技光電三', 6, 4, '葉倍宏', '光學設計與模擬', 'C'),
(505, 75, '光電一A', 36, 3, '葉倍宏', '光電工程導論', '4'),
(506, 75, '專班電子研一', 10, 4, '林明權', 'LED照明專論', 'E'),
(507, 75, '二技光電三', 6, 4, '余佳育', '微算機系統設計', 'C'),
(508, 76, '四電機一A', 50, 30, '', '', '4'),
(509, 76, '四電機二B', 41, 30, '', '', '4'),
(510, 76, '四技電機一A', 36, 30, '', '', '4'),
(511, 76, '四技電機一C', 23, 30, '', '', '4'),
(512, 76, '四技電機一D', 17, 30, '', '', '4'),
(513, 76, '四技電機一E', 21, 30, '', '', '4'),
(514, 76, '四技電機二F', 34, 30, '', '', '4'),
(515, 77, '四電機三A', 49, 24, '', '', '4'),
(517, 77, '四電機三B', 24, 24, '', '', '4'),
(518, 77, '四電機三C', 22, 24, '', '', '4'),
(519, 77, '四電機(三B)2', 24, 24, '', '', '4'),
(520, 77, '專校電機二甲', 16, 24, '', '', 'E'),
(521, 77, '四技電機四B', 26, 24, '', '', '4'),
(522, 78, '四電機四B', 41, 28, '', '', '4'),
(523, 78, '四技電機二G', 20, 28, '', '', '4'),
(524, 78, '四技電機四A', 35, 28, '', '', '4'),
(525, 78, '四電機三G', 22, 28, '', '', '4'),
(526, 78, '四電機四C', 35, 28, '', '', '4'),
(527, 78, '四電機四A', 37, 28, '', '', '4'),
(528, 78, '四電機三E', 29, 28, '', '', '4'),
(529, 78, '四電機三F', 16, 28, '', '', '4'),
(530, 79, '四電機四C', 40, 32, '', '', '4'),
(531, 79, '四電機四B', 48, 32, '', '', '4'),
(532, 79, '專班研一', 10, 32, '', '', 'E'),
(534, 79, '四電機三E', 29, 32, '', '', '4'),
(535, 79, '四電機三F', 16, 32, '', '', '4'),
(536, 79, '四技電機四B', 26, 32, '', '', '4'),
(537, 79, '四技電機四A', 29, 32, '', '', '4'),
(538, 80, '四電機二A', 50, 21, '', '', '4'),
(539, 80, '四電機三B', 37, 21, '', '', '4'),
(540, 80, '四電機一B', 34, 21, '', '', '4'),
(541, 80, '四電機一A', 50, 21, '', '', '4'),
(542, 80, '四電機一C', 30, 21, '', '', '4'),
(543, 80, '四技電機一A', 35, 21, '', '', '4'),
(545, 80, '四技電機一C', 23, 21, '', '', '4'),
(546, 80, '四技電機一D', 17, 21, '', '', '4'),
(547, 80, '四技電機一E', 21, 21, '', '', '4'),
(548, 80, '四技電機四B', 26, 21, '', '', '4'),
(549, 81, '四電機二B', 43, 34, '', '', '4'),
(550, 81, '四電機二C', 35, 34, '', '', '4'),
(551, 81, '專校電機二甲', 16, 34, '', '', 'E'),
(552, 82, '四電機三B', 50, 20, '', '', '4'),
(553, 82, '四電機三D', 38, 20, '', '', '4'),
(554, 82, '四電機三G', 22, 20, '', '', '4'),
(555, 82, '四電機四A', 36, 20, '', '', '4'),
(556, 82, '四電機四E', 18, 20, '', '', '4'),
(557, 82, '四技電機二E', 41, 20, '', '', '4'),
(558, 82, '四技電機二F', 34, 20, '', '', '4'),
(559, 82, '四技電機二H', 14, 20, '', '', '4'),
(560, 82, '產碩春二D', 9, 20, '', '', '1'),
(561, 83, '四電機二A', 50, 36, '', '', '4'),
(562, 83, '四技電機一D', 17, 36, '', '', '4'),
(563, 83, '產碩春二D', 9, 36, '', '', '1'),
(564, 84, '四電機四C', 37, 26, '', '', '4'),
(565, 84, '四電機三A', 50, 26, '', '', '4'),
(566, 84, '四電機二A', 50, 26, '', '', '4'),
(567, 84, '產碩春二D', 9, 26, '', '', '1'),
(568, 84, '四電機四D', 32, 26, '', '', '4'),
(569, 84, '四技電機二E', 41, 26, '', '', '4'),
(570, 84, '四技電機二G', 21, 26, '', '', '4'),
(571, 84, '四電機四E', 18, 26, '', '', '4'),
(572, 85, '四電機一A', 50, 15, '', '', '4'),
(573, 85, '四電機四D', 32, 15, '', '', '4'),
(574, 85, '四電機四E', 18, 15, '', '', '4'),
(575, 85, '四技電機二E', 41, 15, '', '', '4'),
(576, 85, '產碩春二D', 9, 15, '', '', '1'),
(577, 86, '四資三B', 60, 3, '葉俊吾', '供應鏈管理', '請選擇'),
(579, 86, '四資三B', 55, 3, '葉俊吾', 'ERP生管模組', '請選擇'),
(580, 86, '四資二B', 61, 3, '吳國龍', '市場調查與分析', '請選擇'),
(581, 86, '四財金四A', 50, 3, '', '', '4'),
(582, 87, '四技子三A', 29, 3, '', '專業證照輔導(二)', '請選擇'),
(583, 87, '四技子四A', 29, 3, '', '專業證照輔導(二)', '請選擇');

-- --------------------------------------------------------

--
-- 表的结构 `os`
--

CREATE TABLE IF NOT EXISTS `os` (
  `id` int(11) NOT NULL AUTO_INCREMENT,
  `name` varchar(255) NOT NULL,
  `valid` tinyint(4) DEFAULT NULL,
  PRIMARY KEY (`id`)
) ENGINE=InnoDB  DEFAULT CHARSET=utf8 AUTO_INCREMENT=8 ;

--
-- 转存表中的数据 `os`
--

INSERT INTO `os` (`id`, `name`, `valid`) VALUES
(1, 'Linux', NULL),
(2, 'Windows 7', NULL),
(3, 'Windows XP', NULL),
(4, 'Windows Server 2003', NULL),
(5, 'Windows 8.1', NULL),
(6, 'Apple', NULL),
(7, 'Windows 10', NULL);

-- --------------------------------------------------------

--
-- 表的结构 `software`
--

CREATE TABLE IF NOT EXISTS `software` (
  `id` int(11) NOT NULL AUTO_INCREMENT,
  `name` varchar(255) DEFAULT NULL,
  PRIMARY KEY (`id`)
) ENGINE=InnoDB  DEFAULT CHARSET=utf8 AUTO_INCREMENT=75 ;

--
-- 转存表中的数据 `software`
--

INSERT INTO `software` (`id`, `name`) VALUES
(1, 'Office 系列軟體'),
(2, 'Adobe 系列軟體'),
(3, 'Linux 自由軟體'),
(4, '程式編寫自由軟體'),
(5, '影音剪輯處理軟體'),
(6, 'Iclone'),
(7, 'Tomcat 7'),
(8, '電子電路模擬補局軟體'),
(9, 'Visual Studio'),
(10, '數位訊號系統應用軟體'),
(11, '圖控式軟體'),
(12, 'Microsoft SQL 2005'),
(13, 'C++ Visual Studuo'),
(14, 'MATLAB'),
(15, 'Ispice電路模擬軟體'),
(16, '可程式控制編輯軟體'),
(18, 'C8051編譯軟體'),
(20, 'TQC技能認證'),
(21, 'Work Flow ERP 系統'),
(22, 'SPSS 統計軟體'),
(23, '供應鏈實習軟體'),
(24, '企業模擬系統'),
(25, '零售專家教學與競賽軟體'),
(26, '流通大師模擬競賽軟體'),
(27, 'Oracle'),
(28, 'Autodesk maya 2015'),
(29, 'Advanced Design System'),
(30, 'Protel 99SE'),
(31, 'Cisco Packet Tracer'),
(32, 'Eclipse'),
(33, 'Arduino'),
(34, 'SYSMAC-XR'),
(35, 'MAYA2013'),
(36, 'Final Cut pro X'),
(37, 'CAD2014'),
(38, '3Dmax2014'),
(39, 'Revit2014'),
(40, 'Corel DRAW X5'),
(41, 'Sketchup 8'),
(42, 'Premierre Pro 2.0'),
(43, 'AE'),
(44, 'Dialux'),
(45, 'Artlantis'),
(46, 'VRay'),
(47, 'Revit'),
(48, 'Unity'),
(49, 'Arduino'),
(50, 'Rhinoceros'),
(51, 'Grasshopper'),
(52, 'Internet of Things'),
(53, 'DCV+'),
(54, 'Notepad++'),
(55, 'Keil c'),
(56, '會計師工作輔助幫手'),
(57, '稅務會計整合系統'),
(58, '工商會計整合系統'),
(59, '專業電腦輔助稽核軟體'),
(60, 'ISE'),
(61, '人事薪資2002(試用)'),
(62, '進銷存2002'),
(63, '會計2002'),
(64, '製造業2002'),
(65, 'Cmoney法人投資決策系統'),
(66, 'Eviews 4'),
(67, 'Work Flow ERP系統'),
(68, 'ADS'),
(69, 'AD6'),
(70, 'Quartus II 8.0'),
(71, 'OrCAD'),
(72, 'Cadence'),
(73, 'Laker'),
(74, NULL);

/*!40101 SET CHARACTER_SET_CLIENT=@OLD_CHARACTER_SET_CLIENT */;
/*!40101 SET CHARACTER_SET_RESULTS=@OLD_CHARACTER_SET_RESULTS */;
/*!40101 SET COLLATION_CONNECTION=@OLD_COLLATION_CONNECTION */;
